{
  "QI1514": [
    -22.8982574,
    -43.0997648
  ],
  "QI1564": [
    -22.9002094,
    -43.1018126
  ],
  "QI1598": [
    -22.9053879,
    -43.1027902
  ],
  "QI1599": [
    -22.9041721,
    -43.1054142
  ],
  "QI1600": [
    -22.9042814,
    -43.1103312
  ],
  "QI1603": [
    -22.9042638,
    -43.1130923
  ],
  "QI1604": [
    -22.9544479,
    -43.0747635
  ],
  "QI1606": [
    -22.9419735,
    -43.0391198
  ],
  "QI1607": [
    -22.9033987,
    -43.0991103
  ],
  "QI1608": [
    -22.9054303,
    -43.1015597
  ],
  "QI1609": [
    -22.8973377,
    -43.1021814
  ],
  "QI1610": [
    -22.9109991,
    -43.1065444
  ],
  "QI1611": [
    -22.9030619,
    -43.1132535
  ],
  "QI1612": [
    -22.9026594,
    -43.1161548
  ],
  "QI1613": [
    -22.8987041,
    -43.1099742
  ],
  "QI1614": [
    -22.8978471,
    -43.1236962
  ]
}
