{
  "QI1609": [
    -22.8973377,
    -43.1021814
  ],
  "QI1610": [
    -22.9109991,
    -43.1065444
  ],
  "QI1611": [
    -22.9030619,
    -43.1132535
  ]
}
