{
  "QI1606": [
    -22.9419735,
    -43.0391198
  ],
  "QI1607": [
    -22.9033987,
    -43.0991103
  ],
  "QI1608": [
    -22.9054303,
    -43.1015597
  ],
  "QI1609": [
    -22.8973377,
    -43.1021814
  ],
  "QI1610": [
    -22.9109991,
    -43.1065444
  ],
  "QI1611": [
    -22.9030619,
    -43.1132535
  ]
}
